{
    "esp-idf": {
        "HEAD": "v5.1.6-1361-g20dd78b02e",
        "submodules": [
            {
                "name": "components/bootloader/subproject/components/micro-ecc/micro-ecc",
                "version": "v1.1"
            },
            {
                "name": "components/bt/controller/lib_esp32",
                "version": "a184fa9"
            },
            {
                "name": "components/bt/controller/lib_esp32c2/esp32c2-bt-lib",
                "version": "7c104a8"
            },
            {
                "name": "components/bt/controller/lib_esp32c3_family",
                "version": "099a7e1"
            },
            {
                "name": "components/bt/controller/lib_esp32c6/esp32c6-bt-lib",
                "version": "cf7c287"
            },
            {
                "name": "components/bt/controller/lib_esp32h2/esp32h2-bt-lib",
                "version": "a568fa5"
            },
            {
                "name": "components/bt/host/nimble/nimble",
                "version": "nimble_1_5_0_tag-346-g7c2c9c35"
            },
            {
                "name": "components/cmock/CMock",
                "version": "v2.5.2-2-geeecc49"
            },
            {
                "name": "components/esp_coex/lib",
                "version": "e69ed1d"
            },
            {
                "name": "components/esp_phy/lib",
                "version": "fbc3047"
            },
            {
                "name": "components/esp_wifi/lib",
                "version": "080f4d84a"
            },
            {
                "name": "components/heap/tlsf",
                "version": "d2e28f8"
            },
            {
                "name": "components/json/cJSON",
                "version": "v1.7.19"
            },
            {
                "name": "components/lwip/lwip",
                "version": "392707e5"
            },
            {
                "name": "components/mbedtls/mbedtls",
                "version": "mbedtls-3.6.4-9-gb5d87eaa6"
            },
            {
                "name": "components/mqtt/esp-mqtt",
                "version": "ESP-MQTT_FOR_IDF_4.x-272-gcac1552"
            },
            {
                "name": "components/openthread/lib",
                "version": "1927057"
            },
            {
                "name": "components/openthread/openthread",
                "version": "thread-reference-20250612-304-g36b14d3ef"
            },
            {
                "name": "components/protobuf-c/protobuf-c",
                "version": "v1.4.1"
            },
            {
                "name": "components/spiffs/spiffs",
                "version": "0.3.7-39-g0dbb3f7"
            },
            {
                "name": "components/unity/unity",
                "version": "v2.4.3-51-g7d2bf62"
            }
        ]
    },
    "project": {
        "name": "Projectaes",
        "version": "1.0"
    },
    "toolchain": "riscv32-esp-elf-gcc (crosstool-NG esp-12.2.0_20250801) 12.2.0\r"
}